{
    "name": "root",
    "gauges": {
        "BombermanBehavior.Policy.Entropy.mean": {
            "value": 1.3863710165023804,
            "min": 0.8498465418815613,
            "max": 1.626544713973999,
            "count": 1552
        },
        "BombermanBehavior.Policy.Entropy.sum": {
            "value": 1419.6439208984375,
            "min": 847.2969970703125,
            "max": 1677.182861328125,
            "count": 1552
        },
        "BombermanBehavior.Step.mean": {
            "value": 1999993.0,
            "min": 448949.0,
            "max": 1999993.0,
            "count": 1552
        },
        "BombermanBehavior.Step.sum": {
            "value": 1999993.0,
            "min": 448949.0,
            "max": 1999993.0,
            "count": 1552
        },
        "BombermanBehavior.Policy.ExtrinsicValueEstimate.mean": {
            "value": -0.5125949382781982,
            "min": -0.7717658281326294,
            "max": 10.801225662231445,
            "count": 1552
        },
        "BombermanBehavior.Policy.ExtrinsicValueEstimate.sum": {
            "value": -8.201519012451172,
            "min": -16.78860855102539,
            "max": 237.62696838378906,
            "count": 1552
        },
        "BombermanBehavior.Environment.EpisodeLength.mean": {
            "value": 8555.0,
            "min": 19.0,
            "max": 11839.0,
            "count": 952
        },
        "BombermanBehavior.Environment.EpisodeLength.sum": {
            "value": 8555.0,
            "min": 42.0,
            "max": 11839.0,
            "count": 952
        },
        "BombermanBehavior.Environment.CumulativeReward.mean": {
            "value": -43.779002994298935,
            "min": -60.196004152297974,
            "max": -1.1103333582480748,
            "count": 952
        },
        "BombermanBehavior.Environment.CumulativeReward.sum": {
            "value": -43.779002994298935,
            "min": -60.196004152297974,
            "max": -1.3630000054836273,
            "count": 952
        },
        "BombermanBehavior.Policy.ExtrinsicReward.mean": {
            "value": -43.779002994298935,
            "min": -60.196004152297974,
            "max": -1.1103333582480748,
            "count": 952
        },
        "BombermanBehavior.Policy.ExtrinsicReward.sum": {
            "value": -43.779002994298935,
            "min": -60.196004152297974,
            "max": -1.3630000054836273,
            "count": 952
        },
        "BombermanBehavior.IsTraining.mean": {
            "value": 1.0,
            "min": 1.0,
            "max": 1.0,
            "count": 1552
        },
        "BombermanBehavior.IsTraining.sum": {
            "value": 1.0,
            "min": 1.0,
            "max": 1.0,
            "count": 1552
        },
        "BombermanBehavior.Losses.PolicyLoss.mean": {
            "value": 0.08983674443166967,
            "min": 0.061702399662560005,
            "max": 0.12635800543163592,
            "count": 743
        },
        "BombermanBehavior.Losses.PolicyLoss.sum": {
            "value": 0.08983674443166967,
            "min": 0.061702399662560005,
            "max": 0.12635800543163592,
            "count": 743
        },
        "BombermanBehavior.Losses.ValueLoss.mean": {
            "value": 6.724941069037551e-06,
            "min": 4.639931245092709e-06,
            "max": 4.097698893087606,
            "count": 743
        },
        "BombermanBehavior.Losses.ValueLoss.sum": {
            "value": 6.724941069037551e-06,
            "min": 4.639931245092709e-06,
            "max": 4.097698893087606,
            "count": 743
        },
        "BombermanBehavior.Policy.LearningRate.mean": {
            "value": 2.7654990785000577e-07,
            "min": 2.7654990785000577e-07,
            "max": 0.00023247017250995004,
            "count": 743
        },
        "BombermanBehavior.Policy.LearningRate.sum": {
            "value": 2.7654990785000577e-07,
            "min": 2.7654990785000577e-07,
            "max": 0.00023247017250995004,
            "count": 743
        },
        "BombermanBehavior.Policy.Epsilon.mean": {
            "value": 0.10009215000000003,
            "min": 0.10009215000000003,
            "max": 0.17749005000000004,
            "count": 743
        },
        "BombermanBehavior.Policy.Epsilon.sum": {
            "value": 0.10009215000000003,
            "min": 0.10009215000000003,
            "max": 0.17749005000000004,
            "count": 743
        },
        "BombermanBehavior.Policy.Beta.mean": {
            "value": 1.4598285000000106e-05,
            "min": 1.4598285000000106e-05,
            "max": 0.0038767534950000008,
            "count": 743
        },
        "BombermanBehavior.Policy.Beta.sum": {
            "value": 1.4598285000000106e-05,
            "min": 1.4598285000000106e-05,
            "max": 0.0038767534950000008,
            "count": 743
        }
    },
    "metadata": {
        "timer_format_version": "0.1.0",
        "start_time_seconds": "1776408720",
        "python_version": "3.10.12 (main, Aug 16 2023, 05:39:07) [GCC 12.2.0]",
        "command_line_arguments": "/usr/local/bin/mlagents-learn /workspace/simple.yaml --run-id=Bomberman_V1 --resume",
        "mlagents_version": "1.1.0",
        "mlagents_envs_version": "1.1.0",
        "communication_protocol_version": "1.5.0",
        "pytorch_version": "2.2.2+cu121",
        "numpy_version": "1.23.5",
        "end_time_seconds": "1776418545"
    },
    "total": 9825.273465404001,
    "count": 1,
    "self": 0.023132611000619363,
    "children": {
        "run_training.setup": {
            "total": 0.05354912799998601,
            "count": 1,
            "self": 0.05354912799998601
        },
        "TrainerController.start_learning": {
            "total": 9825.196783665,
            "count": 1,
            "self": 21.100235913254437,
            "children": {
                "TrainerController._reset_env": {
                    "total": 14.318969433999996,
                    "count": 1,
                    "self": 14.318969433999996
                },
                "TrainerController.advance": {
                    "total": 9789.754628062747,
                    "count": 1553774,
                    "self": 20.765121187530895,
                    "children": {
                        "env_step": {
                            "total": 9298.31209827979,
                            "count": 1553774,
                            "self": 8125.146669140827,
                            "children": {
                                "SubprocessEnvManager._take_step": {
                                    "total": 1158.700017350653,
                                    "count": 1553774,
                                    "self": 52.50774839793462,
                                    "children": {
                                        "TorchPolicy.evaluate": {
                                            "total": 1106.1922689527185,
                                            "count": 1551929,
                                            "self": 1106.1922689527185
                                        }
                                    }
                                },
                                "workers": {
                                    "total": 14.465411788310348,
                                    "count": 1553774,
                                    "self": 0.0,
                                    "children": {
                                        "worker_root": {
                                            "total": 9799.979043894287,
                                            "count": 1553774,
                                            "is_parallel": true,
                                            "self": 2628.592571176404,